<?xml version="1.0" encoding="UTF-8"?>
<Configuration status="WARN">
    <Appenders>
        <Console name="Console" target="SYSTEM_OUT">
            <PatternLayout pattern="%d{HH:mm:ss.SSS} [%t] %-5level %logger{36} - %msg%n"/>
        </Console>

        <File name="File" fileName="A:/log.log">
            <PatternLayout pattern="%d{yyyy-MM-dd HH:mm:ss} %m %n" />
        </File>

    </Appenders>


    <Loggers>

        <logger name="mapper" level="debug"/>
        <logger name="login" level="debug"/>
        <logger name="teacher" level="debug"/>
        <logger name="file" level="debug"/>
        <logger name="org.apache.struts2" level="info"/>
        <logger name="com.opensymphony.xwork2" level="info"/>
        <Root level="info">
            <AppenderRef ref="Console"/>
            <!--<AppenderRef ref="File"/>-->
        </Root>
    </Loggers>
</Configuration>